id,lead_id,data_fechamento,plano,mensalidade
1,3,2024-12-14,Básico,150
2,6,2024-03-04,Básico,150
3,14,2024-05-19,Básico,150
4,15,2024-12-25,Básico,150
5,16,2024-01-31,Básico,150
6,17,2024-04-24,Básico,150
7,18,2025-05-03,Básico,150
8,30,2025-09-09,Intermediário,350
9,32,2024-09-07,Básico,150
10,40,2024-01-17,Intermediário,350
11,46,2025-03-02,Básico,150
12,48,2024-03-27,Premium,800
13,58,2024-11-25,Básico,150
14,59,2024-06-12,Básico,150
15,61,2025-09-29,Intermediário,350
16,63,2024-02-18,Intermediário,350
17,69,2025-05-02,Básico,150
18,72,2024-04-22,Premium,800
19,73,2024-02-01,Intermediário,350
20,74,2024-03-01,Premium,800
21,75,2025-06-06,Básico,150
22,76,2024-12-15,Intermediário,350
23,79,2024-04-30,Intermediário,350
24,91,2024-07-09,Intermediário,350
25,92,2025-12-20,Intermediário,350
26,95,2024-12-02,Básico,150
27,97,2024-03-25,Básico,150
28,98,2025-10-27,Básico,150
29,100,2024-05-31,Básico,150
30,101,2024-08-16,Básico,150
31,102,2025-02-27,Básico,150
32,124,2024-01-22,Básico,150
33,125,2025-12-17,Básico,150
34,126,2025-01-02,Premium,800
35,129,2025-01-03,Intermediário,350
36,138,2024-01-29,Premium,800
37,142,2025-02-13,Básico,150
38,144,2025-05-06,Básico,150
39,147,2025-07-03,Intermediário,350
40,148,2025-07-20,Básico,150
41,155,2025-09-23,Básico,150
42,157,2024-08-31,Intermediário,350
43,160,2025-01-30,Básico,150
44,168,2025-06-26,Básico,150
45,171,2025-01-27,Básico,150
46,175,2024-10-12,Básico,150
47,176,2024-03-05,Premium,800
48,177,2025-07-05,Básico,150
49,179,2025-11-22,Básico,150
50,180,2024-06-26,Básico,150
51,181,2024-04-12,Básico,150
52,186,2025-10-02,Intermediário,350
53,187,2024-05-30,Básico,150
54,193,2024-02-20,Básico,150
55,196,2025-05-19,Intermediário,350
56,199,2025-05-20,Intermediário,350
57,203,2025-06-03,Básico,150
58,204,2025-06-29,Intermediário,350
59,214,2025-11-17,Básico,150
60,215,2024-02-02,Básico,150
61,219,2024-04-15,Intermediário,350
62,223,2025-11-18,Básico,150
63,232,2025-01-30,Premium,800
64,235,2025-03-11,Intermediário,350
65,236,2024-11-05,Básico,150
66,238,2024-11-18,Básico,150
67,240,2025-09-30,Intermediário,350
68,242,2024-06-28,Básico,150
69,246,2024-03-23,Básico,150
70,252,2024-04-20,Intermediário,350
71,254,2024-04-30,Básico,150
72,255,2024-07-23,Básico,150
73,256,2024-04-20,Básico,150
74,258,2024-01-25,Básico,150
75,259,2024-02-10,Básico,150
76,263,2025-05-10,Básico,150
77,266,2025-01-22,Básico,150
78,267,2025-10-10,Básico,150
79,268,2025-09-30,Básico,150
80,275,2024-02-18,Intermediário,350
81,281,2025-11-21,Premium,800
82,282,2024-03-23,Premium,800
83,290,2024-04-19,Intermediário,350
84,294,2024-12-04,Intermediário,350
85,296,2025-04-03,Básico,150
86,297,2024-07-17,Intermediário,350
87,298,2024-04-19,Básico,150
88,299,2025-01-14,Intermediário,350
89,305,2024-10-18,Intermediário,350
90,306,2025-05-18,Intermediário,350
91,307,2024-08-10,Básico,150
92,309,2025-11-04,Intermediário,350
93,310,2025-01-10,Intermediário,350
94,317,2025-04-01,Básico,150
95,318,2024-07-29,Intermediário,350
96,319,2025-07-01,Premium,800
97,321,2025-05-15,Intermediário,350
98,325,2024-03-14,Básico,150
99,326,2025-06-23,Intermediário,350
100,335,2025-12-12,Intermediário,350
101,336,2024-07-06,Básico,150
102,348,2025-03-23,Básico,150
103,349,2025-11-29,Básico,150
104,350,2024-03-31,Básico,150
105,351,2024-04-04,Básico,150
106,353,2025-04-19,Básico,150
107,354,2024-11-08,Básico,150
108,355,2025-07-16,Premium,800
109,359,2025-07-05,Básico,150
110,364,2024-04-14,Básico,150
111,365,2025-11-18,Básico,150
112,366,2024-11-19,Básico,150
113,370,2025-11-27,Intermediário,350
114,371,2025-07-31,Básico,150
115,373,2024-10-27,Básico,150
116,374,2025-12-30,Básico,150
117,376,2025-12-03,Premium,800
118,379,2025-04-05,Intermediário,350
119,381,2025-03-23,Intermediário,350
120,383,2024-01-27,Intermediário,350
121,387,2024-12-12,Intermediário,350
122,389,2024-08-26,Básico,150
123,391,2025-08-14,Premium,800
124,392,2024-03-25,Intermediário,350
125,394,2025-10-18,Intermediário,350
126,397,2024-03-18,Premium,800
127,401,2024-03-11,Básico,150
128,404,2024-06-26,Básico,150
129,405,2024-04-15,Básico,150
130,408,2025-11-18,Básico,150
131,412,2024-02-09,Básico,150
132,416,2025-10-08,Intermediário,350
133,424,2024-05-25,Básico,150
134,428,2025-03-28,Premium,800
135,429,2025-09-26,Básico,150
136,430,2024-05-07,Intermediário,350
137,432,2024-05-24,Básico,150
138,438,2025-03-22,Básico,150
139,439,2024-02-21,Intermediário,350
140,441,2025-06-11,Intermediário,350
141,447,2025-08-01,Básico,150
142,451,2025-12-06,Básico,150
143,454,2025-05-20,Básico,150
144,456,2025-12-12,Básico,150
145,459,2024-11-01,Premium,800
146,461,2024-04-05,Básico,150
147,463,2024-07-20,Intermediário,350
148,464,2024-08-24,Intermediário,350
149,466,2025-03-23,Básico,150
150,468,2024-11-04,Básico,150
151,469,2024-11-08,Básico,150
152,470,2024-06-12,Intermediário,350
153,476,2024-06-20,Intermediário,350
154,481,2025-04-12,Básico,150
155,482,2024-08-24,Intermediário,350
156,490,2025-10-23,Básico,150
157,492,2025-01-26,Premium,800
158,493,2025-02-01,Básico,150
159,497,2025-01-11,Básico,150
160,499,2024-03-06,Básico,150
161,500,2025-09-20,Intermediário,350
162,501,2024-02-22,Básico,150
163,502,2024-08-23,Básico,150
164,507,2024-02-02,Intermediário,350
165,511,2024-04-24,Intermediário,350
166,513,2024-03-25,Básico,150
167,514,2024-09-27,Básico,150
168,521,2024-10-16,Básico,150
169,523,2024-01-22,Básico,150
170,526,2024-04-26,Intermediário,350
171,534,2024-12-07,Básico,150
172,541,2024-05-10,Básico,150
173,550,2024-06-23,Premium,800
174,554,2025-05-19,Básico,150
175,555,2025-07-14,Intermediário,350
176,557,2024-10-04,Básico,150
177,559,2024-09-14,Básico,150
178,562,2025-07-21,Básico,150
179,563,2025-10-05,Intermediário,350
180,568,2024-09-20,Básico,150
181,573,2025-11-17,Intermediário,350
182,579,2025-11-10,Básico,150
183,582,2025-04-05,Básico,150
184,586,2025-04-05,Básico,150
185,588,2025-04-05,Intermediário,350
186,590,2025-07-02,Intermediário,350
187,594,2025-07-23,Básico,150
188,595,2025-10-18,Intermediário,350
189,596,2024-03-30,Básico,150
190,601,2025-12-26,Básico,150
191,604,2025-06-20,Básico,150
192,605,2025-07-06,Intermediário,350
193,607,2024-04-07,Intermediário,350
194,613,2025-12-27,Intermediário,350
195,617,2025-02-27,Básico,150
196,619,2025-11-13,Básico,150
197,620,2025-09-09,Básico,150
198,621,2024-02-12,Intermediário,350
199,623,2024-02-19,Intermediário,350
200,625,2025-05-12,Básico,150
201,630,2025-08-06,Básico,150
202,631,2024-02-15,Básico,150
203,645,2025-10-05,Intermediário,350
204,646,2024-08-18,Premium,800
205,647,2025-03-13,Básico,150
206,653,2024-09-22,Básico,150
207,665,2025-11-12,Intermediário,350
208,675,2024-11-13,Intermediário,350
209,677,2025-07-10,Básico,150
210,678,2025-01-31,Básico,150
211,679,2024-07-22,Intermediário,350
212,681,2024-06-25,Básico,150
213,683,2025-10-27,Básico,150
214,695,2025-08-16,Premium,800
215,697,2024-11-29,Básico,150
216,700,2025-05-09,Intermediário,350
217,702,2025-11-02,Básico,150
218,704,2024-05-12,Básico,150
219,714,2024-02-21,Básico,150
220,719,2024-08-11,Intermediário,350
221,725,2024-06-17,Básico,150
222,741,2024-07-05,Básico,150
223,743,2025-05-15,Básico,150
224,748,2024-12-11,Intermediário,350
225,750,2024-04-26,Básico,150
226,751,2024-02-25,Básico,150
227,765,2025-03-27,Intermediário,350
228,768,2025-09-29,Básico,150
229,771,2024-12-04,Básico,150
230,777,2025-08-19,Intermediário,350
231,778,2025-03-27,Intermediário,350
232,779,2024-06-03,Intermediário,350
233,788,2025-06-15,Intermediário,350
234,789,2025-06-17,Intermediário,350
235,793,2024-04-15,Básico,150
236,795,2025-05-15,Premium,800
237,802,2025-03-15,Intermediário,350
238,803,2024-03-25,Premium,800
239,808,2024-07-19,Básico,150
240,810,2025-03-05,Básico,150
241,815,2025-03-13,Intermediário,350
242,816,2024-06-15,Intermediário,350
243,817,2025-10-13,Intermediário,350
244,818,2024-07-02,Básico,150
245,820,2025-02-12,Básico,150
246,837,2024-04-28,Intermediário,350
247,840,2024-05-27,Intermediário,350
248,843,2024-06-17,Intermediário,350
249,846,2025-10-19,Básico,150
250,848,2025-01-29,Intermediário,350
251,849,2025-06-26,Básico,150
252,850,2025-06-12,Básico,150
253,863,2025-06-06,Básico,150
254,866,2024-08-29,Intermediário,350
255,868,2025-02-28,Básico,150
256,882,2024-03-14,Básico,150
257,887,2024-05-22,Básico,150
258,888,2025-01-29,Básico,150
259,890,2024-07-09,Básico,150
260,891,2024-03-07,Básico,150
261,892,2024-12-26,Básico,150
262,898,2024-08-19,Básico,150
263,905,2024-03-08,Intermediário,350
264,906,2024-04-22,Básico,150
265,907,2024-08-10,Básico,150
266,908,2025-02-20,Básico,150
267,909,2024-03-23,Básico,150
268,911,2025-04-09,Básico,150
269,913,2024-04-25,Básico,150
270,918,2025-06-23,Intermediário,350
271,920,2024-10-07,Intermediário,350
272,923,2025-07-23,Básico,150
273,926,2024-03-26,Intermediário,350
274,927,2025-10-28,Básico,150
275,928,2024-03-20,Premium,800
276,931,2024-05-13,Básico,150
277,932,2024-11-10,Intermediário,350
278,933,2024-12-06,Intermediário,350
279,943,2025-11-20,Intermediário,350
280,944,2025-10-18,Intermediário,350
281,956,2024-05-09,Intermediário,350
282,957,2025-02-19,Básico,150
283,973,2024-04-19,Intermediário,350
284,974,2025-11-21,Básico,150
285,980,2025-07-04,Básico,150
286,982,2024-05-31,Intermediário,350
287,984,2024-11-21,Premium,800
288,988,2024-07-19,Básico,150
289,993,2025-04-23,Intermediário,350
290,1008,2024-12-22,Intermediário,350
291,1016,2024-10-01,Básico,150
292,1018,2024-10-20,Básico,150
293,1019,2025-02-19,Premium,800
294,1020,2025-06-05,Intermediário,350
295,1021,2025-02-07,Básico,150
296,1026,2024-11-02,Premium,800
297,1031,2025-04-16,Básico,150
298,1032,2025-05-03,Básico,150
299,1033,2024-01-26,Básico,150
300,1037,2025-10-06,Básico,150
301,1043,2024-07-30,Básico,150
302,1047,2025-02-15,Intermediário,350
303,1049,2025-12-07,Premium,800
304,1057,2024-01-29,Básico,150
305,1059,2025-10-15,Básico,150
306,1063,2025-09-20,Intermediário,350
307,1064,2024-08-26,Básico,150
308,1072,2025-09-16,Premium,800
309,1077,2024-12-28,Intermediário,350
310,1080,2025-04-16,Básico,150
311,1083,2025-03-12,Básico,150
312,1086,2025-08-31,Intermediário,350
313,1089,2024-02-08,Intermediário,350
314,1090,2024-09-03,Básico,150
315,1093,2024-04-12,Básico,150
316,1095,2024-03-25,Intermediário,350
317,1098,2024-05-20,Básico,150
318,1101,2025-03-29,Básico,150
319,1111,2025-09-23,Básico,150
320,1112,2024-05-07,Intermediário,350
321,1113,2024-11-05,Básico,150
322,1121,2024-03-12,Básico,150
323,1124,2024-08-23,Intermediário,350
324,1125,2024-12-09,Básico,150
325,1130,2025-08-06,Básico,150
326,1132,2025-09-04,Básico,150
327,1151,2025-08-25,Básico,150
328,1153,2024-04-19,Premium,800
329,1157,2025-08-30,Básico,150
330,1163,2025-01-29,Intermediário,350
331,1167,2024-06-19,Básico,150
332,1168,2024-05-29,Básico,150
333,1172,2024-05-11,Básico,150
334,1175,2024-10-25,Básico,150
335,1177,2024-04-08,Intermediário,350
336,1183,2025-10-05,Premium,800
337,1184,2024-06-10,Premium,800
338,1185,2024-06-05,Básico,150
339,1198,2024-11-13,Básico,150
340,1201,2025-02-21,Básico,150
341,1204,2025-01-29,Intermediário,350
342,1208,2024-03-02,Básico,150
343,1211,2025-11-09,Básico,150
344,1217,2025-11-19,Premium,800
345,1218,2024-02-20,Básico,150
346,1224,2024-03-20,Básico,150
347,1225,2024-06-05,Básico,150
348,1226,2024-11-23,Básico,150
349,1230,2024-09-03,Intermediário,350
350,1231,2024-09-24,Básico,150
351,1232,2024-03-03,Básico,150
352,1235,2025-03-28,Intermediário,350
353,1236,2024-06-09,Intermediário,350
354,1237,2025-10-30,Intermediário,350
355,1241,2024-03-27,Básico,150
356,1243,2024-04-02,Intermediário,350
357,1245,2025-06-30,Premium,800
358,1250,2024-10-26,Básico,150
359,1253,2025-02-25,Intermediário,350
360,1254,2025-08-13,Básico,150
361,1257,2025-02-01,Premium,800
362,1259,2025-12-18,Intermediário,350
363,1265,2024-05-31,Básico,150
364,1266,2024-03-28,Básico,150
365,1275,2024-10-12,Intermediário,350
366,1278,2025-02-24,Premium,800
367,1283,2024-09-14,Intermediário,350
368,1284,2024-10-15,Premium,800
369,1286,2024-05-05,Básico,150
370,1288,2024-10-15,Premium,800
371,1289,2024-05-27,Básico,150
372,1290,2025-03-07,Básico,150
373,1292,2024-07-09,Intermediário,350
374,1303,2024-02-05,Intermediário,350
375,1310,2024-12-09,Intermediário,350
376,1317,2024-07-20,Básico,150
377,1318,2024-05-02,Básico,150
378,1320,2025-01-07,Intermediário,350
379,1321,2025-02-14,Básico,150
380,1327,2025-10-08,Intermediário,350
381,1332,2025-03-14,Básico,150
382,1347,2025-05-16,Básico,150
383,1349,2025-04-30,Intermediário,350
384,1351,2025-04-01,Básico,150
385,1361,2024-10-21,Intermediário,350
386,1367,2025-04-10,Básico,150
387,1370,2024-02-07,Básico,150
388,1373,2025-12-10,Básico,150
389,1380,2025-09-06,Intermediário,350
390,1387,2025-03-07,Básico,150
391,1391,2025-12-15,Básico,150
392,1393,2024-05-18,Básico,150
393,1394,2024-08-13,Intermediário,350
394,1396,2024-03-10,Intermediário,350
395,1404,2025-01-24,Básico,150
396,1408,2025-08-14,Básico,150
397,1427,2024-05-21,Premium,800
398,1433,2025-01-14,Premium,800
399,1439,2025-03-13,Intermediário,350
400,1444,2024-08-06,Intermediário,350
401,1448,2025-12-16,Intermediário,350
402,1457,2025-02-02,Intermediário,350
403,1462,2024-05-09,Básico,150
404,1463,2024-09-06,Intermediário,350
405,1464,2024-05-24,Intermediário,350
406,1482,2024-03-15,Premium,800
407,1483,2025-06-06,Básico,150
408,1486,2024-08-20,Básico,150
409,1489,2025-03-23,Básico,150
410,1492,2024-04-12,Básico,150
411,1493,2025-05-14,Básico,150
412,1502,2025-08-03,Básico,150
413,1512,2025-05-24,Básico,150
414,1515,2025-02-20,Intermediário,350
415,1516,2025-02-11,Básico,150
416,1522,2024-06-21,Intermediário,350
417,1525,2024-08-14,Premium,800
418,1561,2024-04-05,Premium,800
419,1572,2024-06-21,Intermediário,350
420,1573,2024-09-05,Intermediário,350
421,1580,2025-01-05,Básico,150
422,1584,2025-04-04,Intermediário,350
423,1590,2025-01-08,Básico,150
424,1591,2024-03-04,Intermediário,350
425,1608,2025-01-21,Intermediário,350
426,1618,2024-04-02,Básico,150
427,1619,2024-04-13,Básico,150
428,1624,2025-12-13,Básico,150
429,1633,2025-09-29,Básico,150
430,1634,2024-08-08,Básico,150
431,1638,2024-03-09,Básico,150
432,1652,2025-12-18,Intermediário,350
433,1653,2024-08-24,Básico,150
434,1662,2024-12-17,Básico,150
435,1664,2024-02-28,Básico,150
436,1666,2025-06-05,Intermediário,350
437,1676,2025-02-26,Intermediário,350
438,1678,2024-06-27,Básico,150
439,1684,2024-05-11,Intermediário,350
440,1696,2024-03-17,Intermediário,350
441,1698,2024-08-21,Básico,150
442,1701,2025-09-15,Básico,150
443,1706,2025-06-23,Intermediário,350
444,1708,2024-08-17,Básico,150
445,1710,2025-04-13,Básico,150
446,1711,2025-03-30,Básico,150
447,1718,2025-07-28,Básico,150
448,1743,2024-03-02,Básico,150
449,1769,2025-02-15,Intermediário,350
450,1771,2024-09-04,Premium,800
451,1773,2024-10-25,Premium,800
452,1781,2025-06-19,Intermediário,350
453,1787,2024-10-30,Premium,800
454,1790,2024-02-22,Intermediário,350
455,1791,2024-04-15,Básico,150
456,1809,2024-06-04,Intermediário,350
457,1813,2024-10-04,Básico,150
458,1817,2025-06-01,Intermediário,350
459,1821,2025-03-07,Básico,150
460,1829,2024-07-31,Intermediário,350
461,1853,2025-04-25,Básico,150
462,1870,2024-08-14,Básico,150
463,1877,2025-12-15,Básico,150
464,1880,2024-09-25,Básico,150
465,1883,2025-09-02,Intermediário,350
466,1888,2025-03-23,Básico,150
467,1891,2025-10-14,Básico,150
468,1893,2025-07-29,Básico,150
469,1896,2024-11-29,Básico,150
470,1908,2025-01-10,Básico,150
471,1924,2025-08-30,Premium,800
472,1926,2024-11-25,Premium,800
473,1939,2025-11-28,Intermediário,350
474,1944,2025-03-18,Premium,800
475,1947,2025-08-11,Intermediário,350
476,1949,2025-01-30,Premium,800
477,1950,2024-04-25,Intermediário,350
478,1954,2024-09-15,Intermediário,350
479,1961,2024-02-23,Premium,800
480,1965,2024-07-05,Intermediário,350
481,1976,2024-02-24,Básico,150
482,1978,2025-09-28,Básico,150
483,1980,2024-09-02,Básico,150
484,1984,2024-12-18,Premium,800
485,1998,2024-05-06,Básico,150
486,2000,2025-04-02,Básico,150
487,2011,2025-01-29,Básico,150
488,2021,2024-11-17,Intermediário,350
489,2022,2024-11-06,Básico,150
490,2031,2024-05-28,Básico,150
491,2034,2025-03-18,Premium,800
492,2042,2025-04-15,Intermediário,350
493,2051,2024-06-20,Intermediário,350
494,2065,2024-05-04,Básico,150
495,2070,2025-06-05,Básico,150
496,2073,2025-06-05,Básico,150
497,2076,2024-10-03,Intermediário,350
498,2102,2025-11-04,Básico,150
499,2110,2024-02-04,Básico,150
500,2116,2025-05-27,Básico,150
501,2117,2025-10-26,Básico,150
502,2135,2024-03-04,Premium,800
503,2137,2024-02-20,Intermediário,350
504,2140,2025-05-03,Básico,150
505,2156,2024-03-31,Básico,150
506,2159,2024-02-28,Intermediário,350
507,2182,2024-11-24,Básico,150
508,2190,2025-12-12,Básico,150
509,2197,2024-12-25,Básico,150
510,2206,2025-08-15,Básico,150
511,2212,2024-04-26,Intermediário,350
512,2215,2024-05-29,Básico,150
513,2228,2025-06-30,Intermediário,350
514,2239,2025-02-17,Básico,150
515,2242,2025-12-26,Básico,150
516,2247,2024-12-03,Intermediário,350
517,2253,2024-08-22,Premium,800
518,2256,2025-07-26,Básico,150
519,2257,2024-04-11,Básico,150
520,2260,2024-11-17,Intermediário,350
521,2263,2024-04-21,Básico,150
522,2264,2025-10-10,Básico,150
523,2273,2025-08-18,Básico,150
524,2282,2024-06-06,Básico,150
525,2285,2024-06-26,Intermediário,350
526,2301,2025-10-13,Básico,150
527,2306,2024-05-26,Intermediário,350
528,2311,2024-12-01,Intermediário,350
529,2321,2025-04-29,Premium,800
530,2332,2024-10-06,Premium,800
531,2364,2024-09-13,Intermediário,350
532,2367,2025-07-25,Intermediário,350
533,2368,2024-03-04,Básico,150
534,2370,2025-11-24,Básico,150
535,2375,2025-06-11,Intermediário,350
536,2379,2024-10-13,Intermediário,350
537,2380,2025-05-16,Básico,150
538,2391,2025-09-02,Intermediário,350
539,2399,2025-04-10,Intermediário,350
540,2420,2024-06-11,Básico,150
541,2422,2024-02-11,Intermediário,350
542,2432,2024-03-07,Intermediário,350
543,2435,2025-06-12,Básico,150
544,2444,2025-11-10,Premium,800
545,2446,2024-05-05,Básico,150
546,2451,2024-06-11,Premium,800
547,2462,2025-04-28,Básico,150
548,2468,2024-05-04,Básico,150
549,2469,2024-10-05,Básico,150
550,2477,2025-03-16,Básico,150
551,2483,2025-12-01,Básico,150
552,2489,2024-05-31,Intermediário,350
553,2492,2025-01-20,Premium,800
554,2500,2024-09-04,Intermediário,350
555,2501,2024-05-27,Básico,150
556,2503,2024-09-14,Básico,150
557,2520,2024-04-06,Básico,150
558,2544,2024-02-04,Intermediário,350
559,2561,2025-10-23,Intermediário,350
560,2564,2024-05-10,Básico,150
561,2567,2025-02-12,Básico,150
562,2569,2024-03-16,Intermediário,350
563,2571,2025-10-28,Básico,150
564,2575,2024-11-21,Básico,150
565,2580,2025-06-12,Premium,800
566,2586,2025-12-18,Intermediário,350
567,2590,2025-10-08,Básico,150
568,2594,2024-04-27,Básico,150
569,2601,2025-06-04,Básico,150
570,2620,2025-03-24,Básico,150
571,2630,2025-01-25,Básico,150
572,2631,2025-12-17,Básico,150
573,2641,2025-05-04,Básico,150
574,2649,2025-09-16,Básico,150
575,2651,2025-08-19,Intermediário,350
576,2671,2025-03-03,Básico,150
577,2677,2025-09-17,Básico,150
578,2681,2024-04-12,Básico,150
579,2683,2025-09-16,Intermediário,350
580,2685,2025-11-08,Básico,150
581,2691,2024-08-08,Básico,150
582,2711,2025-07-19,Básico,150
583,2717,2025-05-26,Básico,150
584,2718,2025-05-07,Intermediário,350
585,2719,2025-02-03,Básico,150
586,2726,2025-05-28,Intermediário,350
587,2728,2025-10-13,Básico,150
588,2756,2025-07-19,Intermediário,350
589,2759,2024-06-02,Básico,150
590,2761,2025-08-18,Intermediário,350
591,2765,2024-12-20,Básico,150
592,2782,2024-11-10,Básico,150
593,2789,2024-11-21,Intermediário,350
594,2798,2025-08-24,Intermediário,350
595,2802,2024-02-27,Básico,150
596,2807,2024-01-24,Intermediário,350
597,2808,2025-02-19,Básico,150
598,2814,2024-07-10,Básico,150
599,2816,2025-03-06,Básico,150
600,2819,2024-07-26,Intermediário,350
601,2833,2024-08-14,Básico,150
602,2835,2025-10-02,Básico,150
603,2838,2025-06-02,Básico,150
604,2840,2025-03-05,Básico,150
605,2851,2025-05-26,Básico,150
606,2861,2024-08-04,Básico,150
607,2869,2025-09-09,Básico,150
608,2873,2024-10-23,Intermediário,350
609,2897,2024-03-20,Básico,150
610,2913,2024-07-18,Básico,150
611,2920,2025-10-02,Básico,150
612,2934,2025-05-21,Básico,150
613,2935,2024-07-18,Básico,150
614,2947,2025-12-20,Intermediário,350
615,2954,2024-07-05,Premium,800
616,2962,2024-10-02,Premium,800
617,2977,2025-04-08,Básico,150
618,2983,2025-07-22,Intermediário,350
619,2986,2025-09-24,Básico,150
620,2990,2024-06-21,Intermediário,350
621,2995,2024-04-02,Premium,800
622,2996,2025-02-12,Básico,150
623,2999,2024-09-13,Básico,150
624,3004,2024-06-26,Básico,150
625,3005,2024-08-22,Básico,150
626,3006,2025-08-18,Básico,150
627,3023,2024-10-01,Básico,150
628,3030,2024-10-28,Básico,150
629,3034,2024-06-07,Básico,150
630,3047,2025-08-09,Intermediário,350
631,3061,2025-01-04,Intermediário,350
632,3074,2024-03-07,Básico,150
633,3132,2024-04-02,Básico,150
634,3155,2024-02-25,Básico,150
635,3162,2025-06-14,Básico,150
636,3163,2024-10-29,Básico,150
637,3177,2025-09-20,Intermediário,350
638,3181,2025-06-23,Básico,150
639,3189,2025-08-08,Básico,150
640,3193,2025-09-09,Básico,150
641,3197,2025-04-22,Básico,150
642,3201,2024-06-20,Premium,800
643,3203,2024-04-07,Premium,800
644,3237,2025-04-08,Premium,800
645,3243,2025-10-23,Intermediário,350
646,3286,2025-10-27,Intermediário,350
647,3309,2025-10-17,Intermediário,350
648,3318,2025-10-15,Intermediário,350
649,3339,2025-07-15,Básico,150
650,3356,2024-02-18,Intermediário,350
651,3405,2025-12-16,Básico,150
652,3406,2024-12-18,Básico,150
653,3409,2025-01-18,Intermediário,350
654,3416,2024-09-22,Intermediário,350
655,3431,2025-07-02,Básico,150
656,3463,2024-07-05,Básico,150
657,3465,2024-05-15,Básico,150
658,3466,2024-05-14,Intermediário,350
659,3493,2025-05-15,Premium,800
660,3498,2025-06-07,Intermediário,350
661,3502,2024-08-01,Premium,800
662,3508,2025-04-08,Intermediário,350
663,3519,2024-03-04,Intermediário,350
664,3534,2024-09-06,Intermediário,350
665,3543,2024-09-23,Intermediário,350
666,3544,2024-07-18,Intermediário,350
667,3566,2025-08-15,Básico,150
668,3580,2024-12-24,Básico,150
669,3593,2025-02-11,Premium,800
670,3596,2025-03-04,Básico,150
671,3605,2025-03-17,Intermediário,350
672,3608,2025-09-17,Básico,150
673,3610,2025-11-29,Básico,150
674,3660,2024-11-25,Básico,150
675,3680,2025-12-10,Intermediário,350
676,3724,2025-02-18,Básico,150
677,3743,2024-10-21,Básico,150
678,3755,2024-02-15,Intermediário,350
679,3757,2024-03-12,Intermediário,350
680,3760,2024-04-29,Premium,800
681,3769,2024-04-16,Básico,150
682,3781,2025-11-30,Básico,150
683,3794,2024-06-21,Básico,150
684,3826,2025-05-28,Básico,150
685,3840,2025-08-02,Básico,150
686,3850,2025-07-17,Básico,150
687,3860,2025-02-13,Básico,150
688,3881,2025-02-18,Intermediário,350
689,3887,2024-12-10,Premium,800
690,3894,2024-08-30,Intermediário,350
691,3895,2024-10-08,Básico,150
692,3907,2024-09-30,Intermediário,350
693,3918,2024-09-25,Intermediário,350
694,3935,2024-10-19,Premium,800
695,3937,2024-08-24,Intermediário,350
696,3953,2024-05-09,Básico,150
697,3970,2025-09-22,Intermediário,350
698,3973,2024-09-30,Básico,150
699,3980,2024-06-02,Básico,150
700,4009,2025-07-04,Básico,150
701,4019,2024-10-10,Intermediário,350
702,4032,2024-11-21,Básico,150
703,4045,2025-07-06,Básico,150
704,4067,2025-11-02,Intermediário,350
705,4071,2025-07-27,Básico,150
706,4073,2024-02-14,Intermediário,350
707,4079,2024-06-09,Intermediário,350
708,4081,2024-05-25,Básico,150
709,4094,2024-05-30,Premium,800
710,4099,2024-06-30,Básico,150
711,4117,2025-03-31,Premium,800
712,4132,2025-05-24,Básico,150
713,4135,2025-01-01,Básico,150
714,4151,2024-12-16,Básico,150
715,4157,2024-03-15,Intermediário,350
716,4158,2025-04-22,Básico,150
717,4160,2024-01-27,Intermediário,350
718,4172,2024-08-24,Básico,150
719,4207,2025-07-15,Básico,150
720,4218,2025-03-12,Intermediário,350
721,4238,2024-04-11,Intermediário,350
722,4254,2024-03-11,Intermediário,350
723,4278,2024-12-08,Premium,800
724,4297,2024-03-26,Básico,150
725,4321,2025-01-18,Básico,150
726,4322,2025-05-11,Intermediário,350
727,4331,2024-03-29,Básico,150
728,4333,2025-11-12,Intermediário,350
729,4339,2025-07-21,Intermediário,350
730,4364,2025-05-05,Intermediário,350
731,4380,2025-10-31,Intermediário,350
732,4411,2025-06-03,Básico,150
733,4439,2024-04-28,Básico,150
734,4441,2025-02-26,Básico,150
735,4451,2024-11-24,Básico,150
736,4472,2024-12-08,Básico,150
737,4473,2024-11-01,Básico,150
738,4476,2024-09-30,Intermediário,350
739,4479,2024-04-30,Básico,150
740,4480,2025-08-28,Básico,150
741,4484,2024-10-26,Intermediário,350
742,4491,2025-03-02,Intermediário,350
743,4499,2025-04-15,Básico,150
744,4505,2025-05-02,Básico,150
745,4557,2024-08-28,Premium,800
746,4567,2024-07-18,Básico,150
747,4572,2025-03-26,Básico,150
748,4585,2024-10-30,Básico,150
749,4597,2025-09-27,Intermediário,350
750,4615,2025-11-19,Premium,800
751,4624,2024-02-15,Básico,150
752,4645,2024-05-05,Básico,150
753,4659,2025-06-25,Básico,150
754,4666,2025-01-21,Básico,150
755,4691,2024-10-11,Intermediário,350
756,4702,2025-09-06,Básico,150
757,4719,2024-11-09,Premium,800
758,4724,2025-04-09,Intermediário,350
759,4732,2024-10-12,Premium,800
760,4744,2024-10-27,Básico,150
761,4763,2024-11-26,Básico,150
762,4785,2024-06-08,Básico,150
763,4787,2025-08-03,Básico,150
764,4807,2024-09-09,Básico,150
765,4809,2024-03-23,Básico,150
766,4825,2025-12-14,Intermediário,350
767,4867,2025-11-23,Básico,150
768,4879,2025-02-09,Premium,800
769,4892,2025-06-30,Básico,150
770,4894,2025-10-28,Básico,150
771,4905,2024-03-21,Básico,150
772,4916,2024-06-25,Intermediário,350
773,4919,2024-09-12,Básico,150
774,4925,2025-01-05,Básico,150
775,4927,2025-02-10,Básico,150
776,4970,2025-07-15,Básico,150
777,4973,2025-09-07,Intermediário,350
778,4978,2025-09-26,Intermediário,350
779,4984,2024-05-12,Básico,150
780,4985,2025-07-26,Intermediário,350
781,4997,2024-02-15,Básico,150
782,5001,2024-07-13,Intermediário,350
783,5004,2024-11-29,Básico,150
784,5015,2025-12-09,Intermediário,350
785,5020,2024-11-22,Premium,800
786,5037,2024-11-18,Básico,150
787,5052,2025-02-14,Básico,150
788,5081,2024-11-09,Intermediário,350
789,5113,2024-05-22,Básico,150
790,5176,2025-07-28,Intermediário,350
791,5184,2024-05-19,Intermediário,350
792,5199,2024-04-28,Intermediário,350
793,5257,2025-09-03,Premium,800
794,5271,2025-03-17,Básico,150
795,5302,2025-04-16,Básico,150
796,5319,2024-12-05,Básico,150
797,5350,2025-07-22,Básico,150
798,5365,2025-02-26,Básico,150
799,5369,2025-12-31,Intermediário,350
800,5395,2025-12-28,Básico,150
801,5399,2025-09-29,Intermediário,350
802,5400,2025-03-17,Premium,800
803,5407,2024-05-28,Básico,150
804,5441,2025-04-05,Básico,150
805,5446,2025-07-26,Premium,800
806,5451,2024-12-29,Básico,150
807,5466,2024-08-25,Intermediário,350
808,5467,2025-12-06,Básico,150
809,5502,2024-06-16,Básico,150
810,5513,2025-11-12,Básico,150
811,5536,2024-06-02,Intermediário,350
812,5545,2024-04-24,Intermediário,350
813,5555,2024-11-18,Básico,150
814,5568,2024-08-21,Básico,150
815,5586,2024-10-19,Básico,150
816,5623,2025-02-09,Intermediário,350
817,5630,2024-08-15,Intermediário,350
818,5653,2025-09-04,Básico,150
819,5676,2024-11-10,Intermediário,350
820,5717,2025-08-03,Intermediário,350
821,5739,2025-05-11,Intermediário,350
822,5782,2025-03-13,Premium,800
823,5855,2024-02-21,Intermediário,350
824,5860,2025-11-23,Básico,150
825,5869,2025-08-13,Intermediário,350
826,5882,2024-07-27,Básico,150
827,5937,2025-09-02,Básico,150
828,5990,2024-04-18,Básico,150
829,6034,2025-06-15,Intermediário,350
830,6064,2024-05-11,Básico,150
831,6074,2025-08-17,Básico,150
832,6116,2024-06-26,Intermediário,350
833,6121,2024-08-26,Básico,150
834,6132,2025-09-26,Básico,150
835,6151,2024-04-30,Básico,150
836,6197,2024-06-06,Intermediário,350
837,6219,2024-05-31,Básico,150
838,6225,2025-04-04,Básico,150
839,6239,2025-03-12,Intermediário,350
840,6248,2025-05-20,Intermediário,350
841,6249,2025-12-10,Intermediário,350
842,6260,2024-09-15,Premium,800
843,6269,2025-04-05,Intermediário,350
844,6275,2024-09-13,Premium,800
845,6313,2025-11-22,Intermediário,350
846,6371,2024-08-30,Básico,150
847,6454,2025-08-10,Intermediário,350
848,6457,2025-04-19,Básico,150
849,6468,2025-01-23,Básico,150
850,6479,2025-01-04,Básico,150
851,6503,2024-08-14,Premium,800
852,6506,2025-11-29,Premium,800
853,6537,2024-11-30,Premium,800
854,6538,2025-06-06,Básico,150
855,6575,2024-10-15,Básico,150
856,6617,2025-07-08,Intermediário,350
857,6621,2025-02-13,Básico,150
858,6645,2024-09-21,Básico,150
859,6725,2025-06-12,Intermediário,350
860,6850,2025-01-02,Intermediário,350
861,6877,2024-05-25,Básico,150
862,6904,2025-02-25,Intermediário,350
863,6911,2024-12-04,Básico,150
864,6976,2025-06-10,Intermediário,350
865,6984,2024-03-01,Básico,150
866,7027,2025-05-31,Básico,150
867,7058,2024-10-24,Intermediário,350
868,7091,2025-04-17,Intermediário,350
869,7159,2025-04-07,Premium,800
870,7192,2025-03-16,Básico,150
871,7261,2025-01-10,Intermediário,350
872,7305,2024-11-14,Básico,150
873,7328,2024-06-05,Intermediário,350
874,7340,2025-07-13,Premium,800
875,7366,2024-02-09,Intermediário,350
876,7371,2025-05-06,Intermediário,350
877,7372,2024-05-16,Básico,150
878,7388,2024-07-22,Básico,150
879,7446,2024-06-09,Básico,150
880,7506,2025-06-16,Básico,150
881,7552,2025-06-06,Básico,150
882,7577,2024-07-07,Premium,800
883,7594,2024-07-17,Básico,150
884,7612,2024-09-10,Intermediário,350
885,7634,2024-04-02,Premium,800
886,7648,2025-04-16,Intermediário,350
887,7659,2024-10-28,Intermediário,350
888,7701,2025-01-03,Básico,150
889,7704,2024-06-22,Intermediário,350
890,7738,2025-06-12,Intermediário,350
891,7761,2024-08-17,Básico,150
892,7777,2025-11-13,Premium,800
893,7796,2025-03-04,Intermediário,350
894,7808,2024-03-14,Básico,150
895,7837,2024-07-11,Básico,150
896,7864,2025-09-09,Básico,150
897,7880,2024-03-08,Básico,150
898,7908,2024-02-26,Básico,150
899,7926,2025-07-31,Premium,800
900,7927,2024-05-13,Básico,150
901,7936,2024-03-28,Intermediário,350
902,7956,2024-07-17,Básico,150
903,7963,2024-10-09,Intermediário,350
904,7988,2024-07-16,Intermediário,350
905,7991,2025-05-18,Básico,150
